0000000000000002,SSB_001_Mario,001_瑪利歐
0002000000010002,SSB_002_Peach,002_碧姬公主
0003000000020002,SSB_003_Yoshi,003_耀西
0008000000030002,SSB_004_Donkey Kong,004_咚奇剛
0100000000040002,SSB_005_Link,005_林克
0580000000050002,SSB_006_Fox,006_火狐
05c0000000060002,SSB_007_Samus,007_薩姆斯
0700000000070002,SSB_008_Wii Fit Trainer,008_Wii Fit教練
0180000000080002,SSB_009_Villager,009_村民
1919000000090002,SSB_010_Pikachu,010_皮卡丘
1f000000000a0002,SSB_011_Kirby,011_卡比
21000000000b0002,SSB_012_Marth,012_馬爾斯
01010000000e0002,SSB_013_Zelda,013_薩爾達
00090000000d0002,SSB_014_Diddy Kong,014_狄狄剛
00010000000c0002,SSB_015_Luigi,015_路易吉
06c00000000f0002,SSB_016_Little Mac,016_小麥克
0740000000100002,SSB_017_Pit,017_彼特
0600000000120002,SSB_018_Captain Falcon,018_飛隼隊長
0004010000130002,SSB_019_Rosalina,019_羅潔塔 & 奇可
0005000000140002,SSB_020_Bowser,020_庫巴
1ac0000000110002,SSB_021_Lucario,021_路卡利歐
0100010000160002,SSB_022_Toon Link,022_卡通林克
0101010000170002,SSB_023_Sheik,023_希克
2101000000180002,SSB_024_Ike,024_艾克
1f02000000280002,SSB_028_King Dedede,028_帝帝帝大王
1f01000000270002,SSB_029_Meta Knight,029_魅塔騎士
22400000002b0002,SSB_025_Shulk,025_修爾克
3200000000300002,SSB_026_Sonic,026_索尼克
3480000000310002,SSB_027_Mega Man,027_洛克人
0000000000340102,SM_001_Mario,001_瑪利歐
0001000000350102,SM_004_Luigi,004_路易吉
0002000000360102,SM_002_Peach,002_碧姬公主
0003000000370102,SM_005_Yoshi,005_耀西
000a000000380102,SM_003_Toad,003_奇諾比奧
0005000000390102,SM_006_Bowser,006_庫巴
00000000003c0102,SM_007_Mario - Gold Edition,007_金色瑪利歐
21030000002a0002,SSB_030_Robin,030_魯弗萊
2102000000290002,SSB_031_Lucina,031_露琪娜
00070000001a0002,SSB_032_Wario,032_瓦利歐
1906000000240002,SSB_033_Charizard,033_噴火龍
22800000002c0002,SSB_034_Ness,034_奈斯
3340000000320002,SSB_035_Pac-Man,035_吃豆人
1b92000000250002,SSB_036_Greninja,036_甲賀忍蛙
1927000000260002,SSB_037_Jigglypuff,037_胖丁
08000100003e0402,SPL_001_Inkling Girl,001_女孩
08000200003f0402,SPL_002_Inkling Boy,002_男孩
0800030000400402,SPL_003_Inkling Squid,003_魷魚
00000000003d0102,SM_008_Mario - Silver Edition,008_銀色瑪利歐
07420000001f0002,SSB_038_Palutena,038_帕露蒂娜
0741000000200002,SSB_039_Dark Pit,039_黑暗彼特
05c00100001d0002,SSB_040_Zero Suit Samus,040_零裝甲薩姆斯
01020100001b0002,SSB_041_Ganondorf,041_加儂多夫
0003010200410302,YWW_001_Green Yarn Yoshi,001_綠毛線耀西
0003010200420302,YWW_002_Pink Yarn Yoshi,002_粉紅毛線耀西
0003010200430302,YWW_003_Light-Blue Yarn Yoshi,003_水藍毛線耀西
0000010000190002,SSB_042_Dr. Mario,042_瑪利歐醫生
0006000000150002,SSB_043_Bowser Jr.,043_庫巴Jr.
06400100001e0002,SSB_044_Olimar,044_皮克敏 & 歐利瑪
0181000100440502,ACC_001_Isabelle,001_西施惠
0183000100450502,ACC_002_Tom Nook,002_狸克
0182010100460502,ACC_003_DJ KK,003_DJ K.K.
0187000100470502,ACC_004_Sable,004_麻兒
0196000100480502,ACC_005_Kapp'n,005_航平
018e000100490502,ACC_006_Resetti,006_電源叔叔
01a30001004a0502,ACC_007_Joan,007_曹谷
01850001004b0502,ACC_008_Timmy,008_豆狸
018c0001004c0502,ACC_009_Digby,009_西施德
01a40001004d0502,ACC_010_Pascal,010_阿獺
01910001004e0502,ACC_011_Harriet,011_刀麗茹
01a80001004f0502,ACC_012_Redd,012_狐利
01a6000100500502,ACC_013_Saharah,013_駱嵐
01b5000100510502,ACC_014_Luna,014_夢美
01b0000100520502,ACC_015_Tortimer,015_壽伯
01aa000100530502,ACC_016_Lyle,016_阿本先生
01c1000100540502,ACC_017_Lottie,017_巧美
025d000100550502,ACC_018_Bob,018_阿判
02d6000100560502,ACC_019_Fauna,019_音音
0216000100570502,ACC_020_Curt,020_鐵熊
02ef000100580502,ACC_021_Portia,021_傅蘭
04fe000100590502,ACC_022_Leonardo,022_阿彪
02870001005a0502,ACC_023_Cheri,023_櫻桃
05150001005b0502,ACC_024_Kyle,024_李可
03710001005c0502,ACC_025_Al,025_阿保
04ba0001005d0502,ACC_026_Renée,026_柴姐
02db0001005e0502,ACC_027_Lopez,027_湯姆
03450001005f0502,ACC_028_Jambette,028_翡翠
047a000100600502,ACC_029_Rasher,029_古烈
049b000100610502,ACC_030_Tiffany,030_大姐頭
04ed000100620502,ACC_031_Sheldon,031_克栗斯
027d000100630502,ACC_032_Bluebear,032_娃娃
0307000100640502,ACC_033_Bill,033_皮蛋
0261000100650502,ACC_034_Kiki,034_余子醬
0401000100660502,ACC_035_Deli,035_德里
02c4000100670502,ACC_036_Alli,036_鱷羅思
0266000100680502,ACC_037_Kabuki,037_戈伍紀
02b1000100690502,ACC_038_Patty,038_阿排
02310001006a0502,ACC_039_Jitters,039_紀諾
03480001006b0502,ACC_040_Gigi,040_林妲
03180001006c0502,ACC_041_Quillson,041_何童
03db0001006d0502,ACC_042_Marcie,042_瑪莉亞
04650001006e0502,ACC_043_Puck,043_哈奇
04000001006f0502,ACC_044_Shari,044_雪莉
0429000100700502,ACC_045_Octavian,045_張瑜
03a9000100710502,ACC_046_Winnie,046_馬星星
02a4000100720502,ACC_047_Knox,047_金閣
0452000100730502,ACC_048_Sterling,048_銀閣
04a5000100740502,ACC_049_Bonbon,049_妙妙
0263000100750502,ACC_050_Punchy,050_爾光
0323000100760502,ACC_051_Opal,051_露露
04ec000100770502,ACC_052_Poppy,052_軟糖
040d000100780502,ACC_053_Limberg,053_韭菜
030b000100790502,ACC_054_Deena,054_毬藻
04970001007a0502,ACC_055_Snake,055_百川
04fd0001007b0502,ACC_056_Bangle,056_盧姿
043d0001007c0502,ACC_057_Phil,057_凱恩
02680001007d0502,ACC_058_Monique,058_珍珍
02190001007e0502,ACC_059_Nate,059_巴克思
04100001007f0502,ACC_060_Samson,060_和平
021b000100800502,ACC_061_Tutu,061_戀戀
024f000100810502,ACC_062_T-Bone,062_羅宋
04e6000100820502,ACC_063_Mint,063_小敏
0280000100830502,ACC_064_Pudge,064_阿欽
0235000100840502,ACC_065_Midge,065_小酒窩
035a000100850502,ACC_066_Gruff,066_比利
0384000100860502,ACC_067_Flurry,067_雪美
03ae000100870502,ACC_068_Clyde,068_笛笛
040e000100880502,ACC_069_Bella,069_貝拉
0394000100890502,ACC_070_Biff,070_賈寶為
03bc0001008a0502,ACC_071_Yuka,071_尤嘉莉
03ee0001008b0502,ACC_072_Lionel,072_賴恩睿
046c0001008c0502,ACC_073_Flo,073_蕾拉
04800001008d0502,ACC_074_Cobb,074_博士
044c0001008e0502,ACC_075_Amelia,075_安地斯
033f0001008f0502,ACC_076_Jeremiah,076_阿刻
02fb000100900502,ACC_077_Cherry,077_花娜
03a8000100910502,ACC_078_Roscoe,078_黑馬
0479000100920502,ACC_079_Truffles,079_嘟嘟
03c6000100930502,ACC_080_Eugene,080_羅奇
04c7000100940502,ACC_081_Eunice,081_毛海兒
0299000100950502,ACC_082_Goose,082_肯肯
0208000100960502,ACC_083_Annalisa,083_小雅
02fa000100970502,ACC_084_Benjamin,084_小八
0488000100980502,ACC_085_Pancetti,085_布蘭妮
050b000100990502,ACC_086_Chief,086_施傅
04940001009a0502,ACC_087_Bunnie,087_莉莉安
03830001009b0502,ACC_088_Clay,088_子墨
02de0001009c0502,ACC_089_Diana,089_倪家莉
03290001009d0502,ACC_090_Axel,090_大大
04d10001009e0502,ACC_091_Muffy,091_彭澎
034b0001009f0502,ACC_092_Henry,092_亨利
0393000100a00502,ACC_093_Bertha,093_豆沙
0200000100a10502,ACC_094_Cyrano,094_陽明
04dd000100a20502,ACC_095_Peanut,095_小桃
04a6000100a30502,ACC_096_Cole,096_阿甘
04cc000100a40502,ACC_097_Willow,097_梅麗諾
0460000100a50502,ACC_098_Roald,098_企鵝達
0317000100a60502,ACC_099_Molly,099_亞美
02f0000100a70502,ACC_100_Walker,100_阿笨
0181000101d40502,ACC_CP1_Isabelle (Character Parfait),CP1_西施惠【Character Parfait】
07c0000000210002,SSB_048_Mii Brawler,048_Mii 格鬥類型
07c0010000220002,SSB_049_Mii Swordfighter,049_Mii 劍術類型
07c0020000230002,SSB_050_Mii Gunner,050_Mii 射擊類型
0000000002380602,3AM_001_Mario - Classic Colors,001_瑪利歐【經典配色】
0000000002390602,3AM_002_Mario - Modern Colors,002_瑪利歐【現代配色】
0005ff00023a0702,SS1_Hammer Slam Bowser,錘擊庫巴
0008ff00023b0702,SS2_Turbo Charge Donkey Kong,渦輪增壓咚奇剛
07800000002d0002,SSB_045_Mr. Game & Watch,045_Mr. Game & Watch
0781000000330002,SSB_046_R.O.B. (NES),046_機器人
07820000002f0002,SSB_047_Duck Hunt,047_打獵
22c00000003a0202,BB1_Chibi-Robo,Chibi-Robo
19960000023d0002,SSB_051_Mewtwo,051_超夢
07810000002e0002,SSB_054_R.O.B. (Famicom),054_機器人
0182000100a80502,ACC_101_K.K.,101_K.K.
018a000100a90502,ACC_102_Reese,102_莉詠
0194000100aa0502,ACC_103_Kicks,103_薛革
0189000100ab0502,ACC_104_Labelle,104_綿兒/凱絲
019d000100ac0502,ACC_105_Copper,105_警察叔叔
019e000100ad0502,ACC_106_Booker,106_警察叔叔
01b6000100ae0502,ACC_107_Katie,107_咪露
0186010100af0502,ACC_108_Tommy,108_粒狸
0195000100b00502,ACC_109_Porter,109_車長叔叔
0198000100b10502,ACC_110_Leila,110_沽沽
01b1000100b20502,ACC_111_Shrunk,111_笑匠
018f000100b30502,ACC_112_Don,112_開關叔叔
0181010100b40502,ACC_113_Isabelle (Winter),113_西施惠
01b3000100b50502,ACC_114_Blanca,114_無臉貓
019b000100b60502,ACC_115_Nat,115_龍山先生
019a000100b70502,ACC_116_Chip,116_俞正
01ad000100b80502,ACC_117_Jack,117_南瓜王
027f000100b90502,ACC_118_Poncho,118_蓬蓬
026e000100ba0502,ACC_119_Felicity,119_美佳
03c1000100bb0502,ACC_120_Ozzie,120_阿栗
032d000100bc0502,ACC_121_Tia,121_茉莉
023c000100bd0502,ACC_122_Lucha,122_摔角鴉
02dc000100be0502,ACC_123_Fuchsia,123_潔西卡
0398000100bf0502,ACC_124_Harry,124_歐世豪
0464000100c00502,ACC_125_Gwen,125_寶拉
0251000100c10502,ACC_126_Coach,126_大常
03d1000100c20502,ACC_127_Kitt,127_縫縫
026c000100c30502,ACC_128_Tom,128_阿邦
02b2000100c40502,ACC_129_Tipper,129_牧牧
0344000100c50502,ACC_130_Prince,130_青呱
0309000100c60502,ACC_131_Pate,131_愛哭鬼
0283000100c70502,ACC_132_Vladimir,132_嘉弼
03a6000100c80502,ACC_133_Savannah,133_草斑娜
035d000100c90502,ACC_134_Kidd,134_文青
0440000100ca0502,ACC_135_Phoebe,135_火鳥
029b000100cb0502,ACC_136_Egbert,136_黃金雞
02f2000100cc0502,ACC_137_Cookie,137_珮琳
02c9000100cd0502,ACC_138_Sly,138_海德
04de000100ce0502,ACC_139_Blaire,139_小影
0450000100cf0502,ACC_140_Avery,140_安谷斯
03fa000100d00502,ACC_141_Nana,141_七七
023e000100d10502,ACC_142_Peck,142_文雄
0260000100d20502,ACC_143_Olivia,143_奧莉
0369000100d30502,ACC_144_Cesar,144_阿朗
04a4000100d40502,ACC_145_Carmen,145_巧蔻
0381000100d50502,ACC_146_Rodney,146_米米
0311000100d60502,ACC_147_Scoot,147_阿守
050e000100d70502,ACC_148_Whitney,148_畢安卡
0418000100d80502,ACC_149_Broccolo,149_茜藍
0496000100d90502,ACC_150_Coco,150_仰韶
021a000100da0502,ACC_151_Groucho,151_爪爪
04ce000100db0502,ACC_152_Wendy,152_雪花
02c3000100dc0502,ACC_153_Alfonso,153_阿泥
04b3000100dd0502,ACC_154_Rhonda,154_夢夢
02eb000100de0502,ACC_155_Butch,155_約翰
0499000100df0502,ACC_156_Gabi,156_珮琪
041a000100e00502,ACC_157_Moose,157_阿聘
04cf000100e10502,ACC_158_Timbra,158_阿司
02d8000100e20502,ACC_159_Zell,159_森森
028b000100e30502,ACC_160_Pekoe,160_佳敏
0214000100e40502,ACC_161_Teddy,161_太平
03d2000100e50502,ACC_162_Mathilda,162_亞莎
03aa000100e60502,ACC_163_Ed,163_馬譽
0500000100e70502,ACC_164_Bianca,164_小雪
04df000100e80502,ACC_165_Filbert,165_瑞奇
026b000100e90502,ACC_166_Kitty,166_朱古莉
02dd000100ea0502,ACC_167_Beau,167_彼得
0357000100eb0502,ACC_168_Nan,168_墨墨
03e6000100ec0502,ACC_169_Bud,169_莫敬
049d000100ed0502,ACC_170_Ruby,170_月兔
029a000100ee0502,ACC_171_Benedict,171_沛希
0489000100ef0502,ACC_172_Agnes,172_古乃欣
03b1000100f00502,ACC_173_Julian,173_朱黎
041b000100f10502,ACC_174_Bettina,174_丸子
022d000100f20502,ACC_175_Jay,175_阿燕
046d000100f30502,ACC_176_Sprinkle,176_冰莎
03ff000100f40502,ACC_177_Flip,177_天佑
047b000100f50502,ACC_178_Hugh,178_阿豬
0462000100f60502,ACC_179_Hopper,179_達滿
04e0000100f70502,ACC_180_Pecan,180_雷貝嘉
0310000100f80502,ACC_181_Drake,181_肥肝
03bd000100f90502,ACC_182_Alice,182_莫兒
033b000100fa0502,ACC_183_Camofrog,183_迷仔
0416000100fb0502,ACC_184_Anicotti,184_羅萱兒
0486000100fc0502,ACC_185_Chops,185_豚皇
0220000100fd0502,ACC_186_Charlise,186_恰咪
0252000100fe0502,ACC_187_Vic,187_盧爾曼
0270000100ff0502,ACC_188_Ankha,188_艷后
033c000101000502,ACC_189_Drift,189_毒仔
04c5000101010502,ACC_190_Vesta,190_綿綿
02f9000101020502,ACC_191_Marcel,191_文字燒
0202000101030502,ACC_192_Pango,192_佩希
0453000101040502,ACC_193_Keaton,193_法蘭克
0437000101050502,ACC_194_Gladys,194_仙仙
0385000101060502,ACC_195_Hamphrey,195_小倉
0510000101070502,ACC_196_Freya,196_冰冰
0267000101080502,ACC_197_Kid Cat,197_阿一
04e2000101090502,ACC_198_Agent S,198_阿二
03250001010a0502,ACC_199_Big Top,199_阿三
03720001010b0502,ACC_200_Rocket,200_阿四
05810000001c0002,SSB_052_Falco,052_法爾科
01810100023f0502,ACF_001_Isabelle - Winter Outfit,001_西施惠【冬天服裝】
0182000002400502,ACF_002_K.K.,002_K.K.
0188000002410502,ACF_007_Mabel,007_絹兒
0183000002420502,ACF_006_Tom Nook,006_狸克
018c000002430502,ACF_008_Digby,008_西施德
018a000002450502,ACF_004_Reese,004_莉詠
018b000002460502,ACF_005_Cyrus,005_健兆
02ea000101d50502,ACC_AF1_Goldie (amiibo Festival),AF1_牛奶糖【amiibo慶典】
0282000101d60502,ACC_AF2_Stitches (amiibo Festival),AF2_玩具熊【amiibo慶典】
025f000101d70502,ACC_AF3_Rosie (amiibo Festival),AF3_彭花【amiibo慶典】
00030102023e0302,YWW_004_Mega Yarn Yoshi,004_超級毛線耀西
01c1000002440502,ACF_003_Lottie,003_巧美
35c0000002500a02,SK1_Shovel Knight,鏟子騎士
2281000002510002,SSB_053_Lucas,053_琉加
0192000002470502,ACF_010_Blathers,010_傅達
0193000002480502,ACF_012_Celeste,012_傅珂
018e000002490502,ACF_009_Resetti,009_電源叔叔
01940000024a0502,ACF_011_Kicks,011_薛革
018d0001010c0502,ACC_201_Rover,201_陌陌
01920001010d0502,ACC_202_Blathers,202_傅達
01830101010e0502,ACC_203_Tom Nook,203_狸克
01a00001010f0502,ACC_204_Pelly,204_宋信子
01a1000101100502,ACC_205_Phyllis,205_宋信美
019f000101110502,ACC_206_Pete,206_程信雄
0188000101120502,ACC_207_Mabel,207_絹兒
01b4000101130502,ACC_208_Leif,208_然然
01a7000101140502,ACC_209_Wendell,209_海項
018b000101150502,ACC_210_Cyrus,210_健兆
0199000101160502,ACC_211_Grams,211_阿玉婆婆
0185020101170502,ACC_212_Timmy,212_豆狸
018c010101180502,ACC_213_Digby,213_西施德
018f010101190502,ACC_214_Don,214_開關叔叔
01810201011a0502,ACC_215_Isabelle (Kimono),215_西施惠
01ae0001011b0502,ACC_216_Franklin,216_富藍
01af0001011c0502,ACC_217_Jingle,217_鈴鈴鹿
03380001011d0502,ACC_218_Lily,218_雷妮
022f0001011e0502,ACC_219_Anchovy,219_鳳尾
02690001011f0502,ACC_220_Tabby,220_小虎
0281000101200502,ACC_221_Kody,221_艾德豪
0313000101210502,ACC_222_Miranda,222_米蘭達
02c7000101220502,ACC_223_Del,223_大和
021e000101230502,ACC_224_Paula,224_瑞秋
02a6000101240502,ACC_225_Ken,225_烏骨雞
025e000101250502,ACC_226_Mitzi,226_圓圓
024b000101260502,ACC_227_Rodeo,227_羅迪歐
0392000101270502,ACC_228_Bubbles,228_曹珂
0342000101280502,ACC_229_Cousteau,229_春卷
035c000101290502,ACC_230_Velma,230_班長
03e70001012a0502,ACC_231_Elvis,231_皇獅
03c40001012b0502,ACC_232_Canberra,232_簡培菈
03af0001012c0502,ACC_233_Colton,233_安索尼
042a0001012d0502,ACC_234_Marina,234_章立娜
047d0001012e0502,ACC_235_Spork,235_肉肉
030e0001012f0502,ACC_236_Freckles,236_小鮪
02d7000101300502,ACC_237_Bam,237_小健
0463000101310502,ACC_238_Friga,238_謝賓娜
04e7000101320502,ACC_239_Ricky,239_嘉治
02da000101330502,ACC_240_Deirdre,240_娣雅
0373000101340502,ACC_241_Hans,241_史奈魯
0356000101350502,ACC_242_Chevre,242_雪兒
02cb000101360502,ACC_243_Drago,243_阿龍
0262000101370502,ACC_244_Tangy,244_純純
02f8000101380502,ACC_245_Mac,245_金牌
0326000101390502,ACC_246_Eloise,246_艾勒芬
033d0001013a0502,ACC_247_Wart Jr.,247_山姆
04ef0001013b0502,ACC_248_Hazel,248_艾栗絲
02210001013c0502,ACC_249_Beardo,249_熊大叔
029e0001013d0502,ACC_250_Ava,250_陶米咕
028c0001013e0502,ACC_251_Chester,251_胖達
026d0001013f0502,ACC_252_Merry,252_莎莎
049c000101400502,ACC_253_Genji,253_儒林
041c000101410502,ACC_254_Greta,254_如意
050d000101420502,ACC_255_Wolfgang,255_羅博
034a000101430502,ACC_256_Diva,256_小睫
0222000101440502,ACC_257_Klaus,257_熊戰士
02f1000101450502,ACC_258_Daisy,258_香草
026a000101460502,ACC_259_Stinky,259_男子汗
03fc000101470502,ACC_260_Tammi,260_四月
032c000101480502,ACC_261_Tucker,261_阿原
043e000101490502,ACC_262_Blanche,262_小偲
04980001014a0502,ACC_263_Gaston,263_猛兔
04ee0001014b0502,ACC_264_Marshal,264_小潤
04850001014c0502,ACC_265_Gala,265_小芽
03080001014d0502,ACC_266_Joey,266_李察
049a0001014e0502,ACC_267_Pippy,267_羅塔
03a40001014f0502,ACC_268_Buck,268_威亞
040f000101500502,ACC_269_Bree,269_西瓜皮
03da000101510502,ACC_270_Rooney,270_麥克
04cd000101520502,ACC_271_Curlos,271_賈洛斯
0514000101530502,ACC_272_Skye,272_百合
0265000101540502,ACC_273_Moe,273_仁平
043f000101550502,ACC_274_Flora,274_胡拉拉
037e000101560502,ACC_275_Hamlet,275_哈姆
03d6000101570502,ACC_276_Astrid,276_童兒
03fd000101580502,ACC_277_Monty,277_皮猴
040c000101590502,ACC_278_Dora,278_杜美
02ed0001015a0502,ACC_279_Biskit,279_羅賓
03a50001015b0502,ACC_280_Victoria,280_聖蘿
03c50001015c0502,ACC_281_Lyman,281_敖志明
03700001015d0502,ACC_282_Violet,282_吳紫眉
04510001015e0502,ACC_283_Frank,283_浩克
041e0001015f0502,ACC_284_Chadder,284_起司
04b9000101600502,ACC_285_Merengue,285_草莓
0461000101610502,ACC_286_Cube,286_羅斯
04ff000101620502,ACC_287_Claudia,287_馬麗蓮
0478000101630502,ACC_288_Curly,288_勝利
0469000101640502,ACC_289_Boomer,289_秀益
04e3000101650502,ACC_290_Caroline,290_賈蘿琳
023f000101660502,ACC_291_Sparro,291_周之翔
04c6000101670502,ACC_292_Baabara,292_華爾滋
04fa000101680502,ACC_293_Rolf,293_朱穆朗
027e000101690502,ACC_294_Maple,294_小楓
02010001016a0502,ACC_295_Antonio,295_阿誠
03820001016b0502,ACC_296_Soleil,296_安安
044b0001016c0502,ACC_297_Apollo,297_阿波羅
030f0001016d0502,ACC_298_Derwin,298_阿坊
04a00001016e0502,ACC_299_Francine,299_法藍琪
04a10001016f0502,ACC_300_Chrissy,300_克莉琪
3480000002580002,SSB_027_Mega Man - Gold Edition,027_金色洛克人
01030000024f0902,ZTP_001_Wolf Link,001_狼林克【曙光公主】
0182000101d80502,ACC_CP2_K.K. Slider (Pikopuri),CP2_K.K.【Pikopuri】
2104000002520002,SSB_055_Roy,055_羅伊
34c0000002530002,SSB_056_Ryu,056_Ryu
01840000024d0502,ACF_013_Timmy & Tommy,013_豆狸 & 粒狸
01960000024e0502,ACF_015_Kapp'n,015_航平
018d0000024c0502,ACF_014_Rover,014_陌陌
01810000024b0502,ACF_016_Isabelle - Summer Outfit,016_西施惠【夏天服裝】
1d000001025c0d02,POK_001_Shadow Mewtwo,001_暗影超夢
0181030101700502,ACC_301_Isabelle (Dress),301_西施惠
0190000101710502,ACC_302_Brewster,302_老闆
01a5000101720502,ACC_303_Katrina,303_星薇
019c000101730502,ACC_304_Phineas,304_博陸恩
0193000101740502,ACC_305_Celeste,305_傅珂
0186030101750502,ACC_306_Tommy,306_粒狸
01a9000101760502,ACC_307_Gracie,307_葛瑞斯
0197000101770502,ACC_308_Leilani,308_沽玉
018e010101780502,ACC_309_Resetti,309_電源叔叔
0185040101790502,ACC_310_Timmy,310_豆狸
01c10101017a0502,ACC_311_Lottie,311_巧美
01b10101017b0502,ACC_312_Shrunk,312_笑匠
01ab0001017c0502,ACC_313_Pave,313_阿歡
01a20001017d0502,ACC_314_Gulliver,314_呂遊
01a80101017e0502,ACC_315_Redd,315_狐利
01ac0001017f0502,ACC_316_Zipper,316_蹦蹦
02ea000101800502,ACC_317_Goldie,317_牛奶糖
0282000101810502,ACC_318_Stitches,318_玩具熊
0215000101820502,ACC_319_Pinky,319_丹丹
03ec000101830502,ACC_320_Mott,320_李克
030d000101840502,ACC_321_Mallary,321_蘇米
0390000101850502,ACC_322_Rocco,322_孔在來
0272000101860502,ACC_323_Katt,323_巧巧
0380000101870502,ACC_324_Graham,324_麥麥
03ac000101880502,ACC_325_Peaches,325_小薰
0324000101890502,ACC_326_Dizzy,326_巨巨
041d0001018a0502,ACC_327_Penelope,327_小啾
036b0001018b0502,ACC_328_Boone,328_萬泰
02a50001018c0502,ACC_329_Broffina,329_凱西
03490001018d0502,ACC_330_Croque,330_太子
035e0001018e0502,ACC_331_Pashmina,331_芭芭拉
02fc0001018f0502,ACC_332_Shep,332_包伯
026f000101900502,ACC_333_Lolly,333_檸檬娜
02df000101910502,ACC_334_Erik,334_查克
0495000101920502,ACC_335_Dotty,335_瑪莎
044d000101930502,ACC_336_Pierce,336_謝博強
0436000101940502,ACC_337_Queenie,337_果果
0511000101950502,ACC_338_Fang,338_史培亞
04d0000101960502,ACC_339_Frita,339_溫蒂
046b000101970502,ACC_340_Tex,340_伏特
03be000101980502,ACC_341_Melba,341_阿得
02ee000101990502,ACC_342_Bones,342_阿富
02030001019a0502,ACC_343_Anabelle,343_有美
02710001019b0502,ACC_344_Rudy,344_茶茶
02b80001019c0502,ACC_345_Naomi,345_玉蘭
036a0001019d0502,ACC_346_Peewee,346_啞鈴
028e0001019e0502,ACC_347_Tammy,347_然姐
02090001019f0502,ACC_348_Olaf,348_安東尼
047c000101a00502,ACC_349_Lucy,349_露西
03a7000101a10502,ACC_350_Elmer,350_酥餅
033e000101a20502,ACC_351_Puddles,351_剪刀
03ed000101a30502,ACC_352_Rory,352_亞瑟
03fe000101a40502,ACC_353_Elise,353_孟琪
03d9000101a50502,ACC_354_Walt,354_袋鋼
04a7000101a60502,ACC_355_Mira,355_蜜拉
04d2000101a70502,ACC_356_Pietro,356_皮耶羅
045f000101a80502,ACC_357_Aurora,357_歐若拉
03b0000101a90502,ACC_358_Papi,358_小岡
037f000101aa0502,ACC_359_Apple,359_蘋果
0411000101ab0502,ACC_360_Rod,360_阿將
0264000101ac0502,ACC_361_Purrl,361_小玉
04e5000101ad0502,ACC_362_Static,362_閃電
0454000101ae0502,ACC_363_Celia,363_蒂芬妮
042b000101af0502,ACC_364_Zucker,364_章丸丸
0483000101b00502,ACC_365_Peggy,365_千惠
0339000101b10502,ACC_366_Ribbot,366_鏘鏘
03ad000101b20502,ACC_367_Annalise,367_舒芙蕾
0217000101b30502,ACC_368_Chow,368_朝陽
03d7000101b40502,ACC_369_Sylvia,369_希薇亞
023d000101b50502,ACC_370_Jacques,370_趙奇
04e4000101b60502,ACC_371_Sally,371_拉拉米
049e000101b70502,ACC_372_Doc,372_阿飛
030c000101b80502,ACC_373_Pompom,373_海苔裴
04b2000101b90502,ACC_374_Tank,374_阿足
02a2000101ba0502,ACC_375_Becky,375_詠旋
0415000101bb0502,ACC_376_Rizzo,376_悄俊
03bf000101bc0502,ACC_377_Sydney,377_思穎
028d000101bd0502,ACC_378_Barold,378_阿西
04e1000101be0502,ACC_379_Nibbles,379_咬咬
0487000101bf0502,ACC_380_Kevin,380_伊比利
0316000101c00502,ACC_381_Gloria,381_素返真
050c000101c10502,ACC_382_Lobo,382_潘奇隆
0399000101c20502,ACC_383_Hippeux,383_戴維
0327000101c30502,ACC_384_Margie,384_莎莉
02ec000101c40502,ACC_385_Lucky,385_大吉
025f000101c50502,ACC_386_Rosie,386_彭花
04fb000101c60502,ACC_387_Rowan,387_戈麥斯
030a000101c70502,ACC_388_Maelle,388_安妮
02d9000101c80502,ACC_389_Bruce,389_布鹿斯
04a3000101c90502,ACC_390_O'Hare,390_桑托斯
02ca000101ca0502,ACC_391_Gayle,391_愛莉
043c000101cb0502,ACC_392_Cranston,392_朱祿
033a000101cc0502,ACC_393_Frobert,393_江適
021d000101cd0502,ACC_394_Grizzly,394_穆穆
04e8000101ce0502,ACC_395_Cally,395_小芹
03fb000101cf0502,ACC_396_Simon,396_遠仁
046a000101d00502,ACC_397_Iggly,397_花壽司
024a000101d10502,ACC_398_Angus,398_施萬德
0230000101d20502,ACC_399_Twiggy,399_嘰嘰
022e000101d30502,ACC_400_Robin,400_喳喳
1f00000002540c02,KIR_001_Kirby,001_卡比
1f01000002550c02,KIR_002_Meta Knight,002_魅塔騎士
1f02000002560c02,KIR_003_King Dedede,003_帝帝帝大王
1f03000002570c02,KIR_004_Waddle Dee,004_瓦豆魯迪
08010000025d0402,SPL_004_Callie,004_小擬
08020000025e0402,SPL_005_Marie,005_小螢
08000100025f0402,SPL_006_Inkling Girl (Lime Green),006_女孩【萊姆綠】
0800020002600402,SPL_007_Inkling Boy (Purple),007_男孩【紫】
0800030002610402,SPL_008_Inkling Squid (Orange),008_魷魚【橙】
0007000002630102,SM_009_Wario,009_瓦利歐
0004000002620102,SM_012_Rosalina,012_羅潔塔
0017000002680102,SM_015_Boo,015_害羞幽靈
0008000002640102,SM_013_Donkey Kong,013_咚奇剛
3500020002e20f02,MHS_002_One-Eyed Rathalos and Rider - Girl,002_獨眼火龍和女騎士
3500010002e10f02,MHS_001_One-Eyed Rathalos and Rider - Boy,001_獨眼火龍和男騎士
3501000002e30f02,MHS_003_Navirou,003_納比路
0014000002670102,SM_010_Waluigi,010_瓦路易吉
0013000002660102,SM_011_Daisy,011_黛西公主
0009000002650102,SM_014_Diddy Kong,014_狄狄剛
0513000102e70502,ACC_W01_Vivian,W01_范妮莎
04a2000102e80502,ACC_W02_Hopkins,W02_風杰
028a000102e90502,ACC_W03_June,W03_阿妹
0232000102ea0502,ACC_W04_Piper,W04_麗婷
0328000102eb0502,ACC_W05_Paolo,W05_保羅
04b6000102ec0502,ACC_W06_Hornsby,W06_光雄
04c8000102ed0502,ACC_W07_Stella,W07_氈氈
04fc000102ee0502,ACC_W08_Tybalt,W08_谷豐
0343000102ef0502,ACC_W09_Huck,W09_吸管
04eb000102f00502,ACC_W10_Sylvana,W10_孟珮
0481000102f10502,ACC_W11_Boris,W11_達利
0468000102f20502,ACC_W12_Wade,W12_竹輪
03d3000102f30502,ACC_W13_Carrie,W13_媽咪
0314000102f40502,ACC_W14_Ketchup,W14_番茄醬
03e8000102f50502,ACC_W15_Rex,W15_晴天
024d000102f60502,ACC_W16_Stu,W16_毛樂時
021c000102f70502,ACC_W17_Ursala,W17_妮雅
0238000102f80502,ACC_W18_Jacob,W18_余板
02f3000102f90502,ACC_W19_Maddie,W19_麻蓉
0358000102fa0502,ACC_W20_Billy,W20_亞星
036e000102fb0502,ACC_W21_Boyd,W21_空空
0395000102fc0502,ACC_W22_Bitty,W22_艾咪
0482000102fd0502,ACC_W23_Maggie,W23_瑪格
0284000102fe0502,ACC_W24_Murphy,W24_憲雄
02a3000102ff0502,ACC_W25_Plucky,W25_帕塔雅
0438000103000502,ACC_W26_Sandy,W26_小嵐
049f000103010502,ACC_W27_Claude,W27_阿醋
0347000103020502,ACC_W28_Raddle,W28_嘉俊
043b000103030502,ACC_W29_Julia,W29_朱莉亞
036d000103040502,ACC_W30_Louie,W30_壯壯
02f4000103050502,ACC_W31_Bea,W31_貝果
0233000103060502,ACC_W32_Admiral,W32_李徹
032a000103070502,ACC_W33_Ellie,W33_泡芙
02c5000103080502,ACC_W34_Boots,W34_豐年
0312000103090502,ACC_W35_Weber,W35_卿德
04140001030a0502,ACC_W36_Candi,W36_甘油
03ea0001030b0502,ACC_W37_Leopold,W37_老獅
04b40001030c0502,ACC_W38_Spike,W38_阿蹲
04c90001030d0502,ACC_W39_Cashmere,W39_愛睦
03410001030e0502,ACC_W40_Tad,W40_阿田
02b70001030f0502,ACC_W41_Norma,W41_晨曦
03c0000103100502,ACC_W42_Gonzo,W42_鋼鎖
0439000103110502,ACC_W43_Sprocket,W43_鶴茲
0206000103120502,ACC_W44_Snooty,W44_貴妃
0286000103130502,ACC_W45_Olive,W45_畢克蘿
050f000103140502,ACC_W46_Dobie,W46_阿研
044e000103150502,ACC_W47_Buzz,W47_繼光
03ab000103160502,ACC_W48_Cleo,W48_小鈾
021f000103170502,ACC_W49_Ike,W49_大功
04ea000103180502,ACC_W50_Tasha,W50_娜塔麗
0374010103190502,ACC_XS1_Rilla,XS1_莉拉【Hello Kitty】
028f0101031a0502,ACC_XS2_Marty,XS2_瑪丁【布丁狗】
04d30101031b0502,ACC_XS3_Étoile,XS3_彩星【雙星仙子】
032e0101031c0502,ACC_XS4_Chai,XS4_啡卡【大耳狗喜拿】
02e00101031d0502,ACC_XS5_Chelsea,XS5_雀兒喜【美樂蒂】
04a80101031e0502,ACC_XS6_Toby,XS6_咚比【大眼蛙】
01000000034f0902,3AZ_005_Link - The Legend of Zelda,005_林克【薩爾達傳說】
01000000034b0902,3AZ_001_Link - Ocarina of Time,001_林克【時之笛】
0100010003500902,3AZ_006_Toon Link - The Wind Waker,006_卡通林克【風之律動】
0101000003520902,3AZ_007_Zelda - The Wind Waker,007_薩爾達【風之律動】
3502010002e40f02,MHS_004_Rathian and Cheval,004_雌火龍和舒華路
3503010002e50f02,MHS_005_Barioth and Ayuria,005_冰牙龍和亞尤利婭
3504010002e60f02,MHS_006_Qurupeco and Dan,006_彩鳥和丹前輩
00800102035d0302,YWW_005_Poochy,005_波奇
1f400000035e1002,CR1_Qbby,Qbby
0100000003530902,ZBW_001_Link - Archer,001_林克【弓】【曠野之息】
0100000003540902,ZBW_002_Link - Rider,002_林克【騎乘】【曠野之息】
0140000003550902,ZBW_003_Guardian,003_守護者【曠野之息】
0101000003560902,ZBW_004_Zelda,004_薩爾達【曠野之息】
01410000035c0902,ZBW_009_Bokoblin,009_波克布林【曠野之息】
09c0010102690e02,MSS_001_Mario - Soccer,001_瑪利歐【足球】
09c00201026a0e02,MSS_002_Mario - Baseball,002_瑪利歐【棒球】
09c00301026b0e02,MSS_003_Mario - Tennis,003_瑪利歐【網球】
09c00401026c0e02,MSS_004_Mario - Golf,004_瑪利歐【高爾夫球】
09c00501026d0e02,MSS_005_Mario - Horse Racing,005_瑪利歐【賽馬】
09c10101026e0e02,MSS_006_Luigi - Soccer,006_路易吉【足球】
09c10201026f0e02,MSS_007_Luigi - Baseball,007_路易吉【棒球】
09c1030102700e02,MSS_008_Luigi - Tennis,008_路易吉【網球】
09c1040102710e02,MSS_009_Luigi - Golf,009_路易吉【高爾夫球】
09c1050102720e02,MSS_010_Luigi - Horse Racing,010_路易吉【賽馬】
09c2010102730e02,MSS_011_Peach - Soccer,011_碧姬公主【足球】
09c2020102740e02,MSS_012_Peach - Baseball,012_碧姬公主【棒球】
09c2030102750e02,MSS_013_Peach - Tennis,013_碧姬公主【網球】
09c2040102760e02,MSS_014_Peach - Golf,014_碧姬公主【高爾夫球】
09c2050102770e02,MSS_015_Peach - Horse Racing,015_碧姬公主【賽馬】
09c3010102780e02,MSS_016_Daisy - Soccer,016_黛西公主【足球】
09c3020102790e02,MSS_017_Daisy - Baseball,017_黛西公主【棒球】
09c30301027a0e02,MSS_018_Daisy - Tennis,018_黛西公主【網球】
09c30401027b0e02,MSS_019_Daisy - Golf,019_黛西公主【高爾夫球】
09c30501027c0e02,MSS_020_Daisy - Horse Racing,020_黛西公主【賽馬】
09c40101027d0e02,MSS_021_Yoshi - Soccer,021_耀西【足球】
09c40201027e0e02,MSS_022_Yoshi - Baseball,022_耀西【棒球】
09c40301027f0e02,MSS_023_Yoshi - Tennis,023_耀西【網球】
09c4040102800e02,MSS_024_Yoshi - Golf,024_耀西【高爾夫球】
09c4050102810e02,MSS_025_Yoshi - Horse Racing,025_耀西【賽馬】
09c5010102820e02,MSS_026_Wario - Soccer,026_瓦利歐【足球】
09c5020102830e02,MSS_027_Wario - Baseball,027_瓦利歐【棒球】
09c5030102840e02,MSS_028_Wario - Tennis,028_瓦利歐【網球】
09c5040102850e02,MSS_029_Wario - Golf,029_瓦利歐【高爾夫球】
09c5050102860e02,MSS_030_Wario - Horse Racing,030_瓦利歐【賽馬】
09c6010102870e02,MSS_031_Waluigi - Soccer,031_瓦路易吉【足球】
09c6020102880e02,MSS_032_Waluigi - Baseball,032_瓦路易吉【棒球】
09c6030102890e02,MSS_033_Waluigi - Tennis,033_瓦路易吉【網球】
09c60401028a0e02,MSS_034_Waluigi - Golf,034_瓦路易吉【高爾夫球】
09c60501028b0e02,MSS_035_Waluigi - Horse Racing,035_瓦路易吉【賽馬】
09c70101028c0e02,MSS_036_Donkey Kong - Soccer,036_咚奇剛【足球】
09c70201028d0e02,MSS_037_Donkey Kong - Baseball,037_咚奇剛【棒球】
09c70301028e0e02,MSS_038_Donkey Kong - Tennis,038_咚奇剛【網球】
09c70401028f0e02,MSS_039_Donkey Kong - Golf,039_咚奇剛【高爾夫球】
09c7050102900e02,MSS_040_Donkey Kong - Horse Racing,040_咚奇剛【賽馬】
09c8010102910e02,MSS_041_Diddy Kong - Soccer,041_狄狄剛【足球】
09c8020102920e02,MSS_042_Diddy Kong - Baseball,042_狄狄剛【棒球】
09c8030102930e02,MSS_043_Diddy Kong - Tennis,043_狄狄剛【網球】
09c8040102940e02,MSS_044_Diddy Kong - Golf,044_狄狄剛【高爾夫球】
09c8050102950e02,MSS_045_Diddy Kong - Horse Racing,045_狄狄剛【賽馬】
09c9010102960e02,MSS_046_Bowser - Soccer,046_庫巴【足球】
09c9020102970e02,MSS_047_Bowser - Baseball,047_庫巴【棒球】
09c9030102980e02,MSS_048_Bowser - Tennis,048_庫巴【網球】
09c9040102990e02,MSS_049_Bowser - Golf,049_庫巴【高爾夫球】
09c90501029a0e02,MSS_050_Bowser - Horse Racing,050_庫巴【賽馬】
09ca0101029b0e02,MSS_051_Bowser Jr. - Soccer,051_庫巴Jr.【足球】
09ca0201029c0e02,MSS_052_Bowser Jr. - Baseball,052_庫巴Jr.【棒球】
09ca0301029d0e02,MSS_053_Bowser Jr. - Tennis,053_庫巴Jr.【網球】
09ca0401029e0e02,MSS_054_Bowser Jr. - Golf,054_庫巴Jr.【高爾夫球】
09ca0501029f0e02,MSS_055_Bowser Jr. - Horse Racing,055_庫巴Jr.【賽馬】
09cb010102a00e02,MSS_056_Boo - Soccer,056_害羞幽靈【足球】
09cb020102a10e02,MSS_057_Boo - Baseball,057_害羞幽靈【棒球】
09cb030102a20e02,MSS_058_Boo - Tennis,058_害羞幽靈【網球】
09cb040102a30e02,MSS_059_Boo - Golf,059_害羞幽靈【高爾夫球】
09cb050102a40e02,MSS_060_Boo - Horse Racing,060_害羞幽靈【賽馬】
09cc010102a50e02,MSS_061_Baby Mario - Soccer,061_瑪利歐寶寶【足球】
09cc020102a60e02,MSS_062_Baby Mario - Baseball,062_瑪利歐寶寶【棒球】
09cc030102a70e02,MSS_063_Baby Mario - Tennis,063_瑪利歐寶寶【網球】
09cc040102a80e02,MSS_064_Baby Mario - Golf,064_瑪利歐寶寶【高爾夫球】
09cc050102a90e02,MSS_065_Baby Mario - Horse Racing,065_瑪利歐寶寶【賽馬】
09cd010102aa0e02,MSS_066_Baby Luigi - Soccer,066_路易吉寶寶【足球】
09cd020102ab0e02,MSS_067_Baby Luigi - Baseball,067_路易吉寶寶【棒球】
09cd030102ac0e02,MSS_068_Baby Luigi - Tennis,068_路易吉寶寶【網球】
09cd040102ad0e02,MSS_069_Baby Luigi - Golf,069_路易吉寶寶【高爾夫球】
09cd050102ae0e02,MSS_070_Baby Luigi - Horse Racing,070_路易吉寶寶【賽馬】
09ce010102af0e02,MSS_071_Birdo - Soccer,071_凱瑟琳【足球】
09ce020102b00e02,MSS_072_Birdo - Baseball,072_凱瑟琳【棒球】
09ce030102b10e02,MSS_073_Birdo - Tennis,073_凱瑟琳【網球】
09ce040102b20e02,MSS_074_Birdo - Golf,074_凱瑟琳【高爾夫球】
09ce050102b30e02,MSS_075_Birdo - Horse Racing,075_凱瑟琳【賽馬】
09cf010102b40e02,MSS_076_Rosalina - Soccer,076_羅潔塔【足球】
09cf020102b50e02,MSS_077_Rosalina - Baseball,077_羅潔塔【棒球】
09cf030102b60e02,MSS_078_Rosalina - Tennis,078_羅潔塔【網球】
09cf040102b70e02,MSS_079_Rosalina - Golf,079_羅潔塔【高爾夫球】
09cf050102b80e02,MSS_080_Rosalina - Horse Racing,080_羅潔塔【賽馬】
09d0010102b90e02,MSS_081_Metal Mario - Soccer,081_金屬瑪利歐【足球】
09d0020102ba0e02,MSS_082_Metal Mario - Baseball,082_金屬瑪利歐【棒球】
09d0030102bb0e02,MSS_083_Metal Mario - Tennis,083_金屬瑪利歐【網球】
09d0040102bc0e02,MSS_084_Metal Mario - Golf,084_金屬瑪利歐【高爾夫球】
09d0050102bd0e02,MSS_085_Metal Mario - Horse Racing,085_金屬瑪利歐【賽馬】
09d1010102be0e02,MSS_086_Pink Gold Peach - Soccer,086_粉金碧姬公主【足球】
09d1020102bf0e02,MSS_087_Pink Gold Peach - Baseball,087_粉金碧姬公主【棒球】
09d1030102c00e02,MSS_088_Pink Gold Peach - Tennis,088_粉金碧姬公主【網球】
09d1040102c10e02,MSS_089_Pink Gold Peach - Golf,089_粉金碧姬公主【高爾夫球】
09d1050102c20e02,MSS_090_Pink Gold Peach - Horse Racing,090_粉金碧姬公主【賽馬】
2106000003601202,FE1_Alm,阿雷武
2107000003611202,FE2_Celica,賽莉卡
01000000034c0902,3AZ_002_Link - Majora's Mask,002_林克【魔吉拉的面具】
01000000034d0902,3AZ_003_Link - Twilight Princess,003_林克【曙光公主】
01000000034e0902,3AZ_004_Link - Skyward Sword,004_林克【禦天之劍】
06420000035f1102,PIK_001_Pikmin,001_皮克敏
3600000002590002,SSB_057_Cloud,057_克勞德
3600010003620002,SSB_058_Cloud - Player 2,058_克勞德【2P配色】
21050000025a0002,SSB_059_Corrin,059_神威【男性】
2105010003630002,SSB_060_Corrin - Player 2,060_神威【女性】
32400000025b0002,SSB_061_Bayonetta,061_蓓優妮塔
3240010003640002,SSB_062_Bayonetta - Player 2,062_蓓優妮塔【2P配色】
0800010003690402,SPL_009_Inkling Girl (Neon Pink),009_女孩【霓虹粉】
08000200036a0402,SPL_010_Inkling Boy (Neon Green),010_男孩【霓虹綠】
08000300036b0402,SPL_011_Inkling Squid (Neon Purple),011_魷魚【霓虹紫】
05c0000003651302,MET_001_Samus Aran,001_薩姆斯‧亞蘭
05c1000003661302,MET_002_Metroid,002_密特羅德
21080000036f1202,FE3_Chrom,庫洛武
2109000003701202,FE4_Tiki,琪姬
0015000003670102,SM_016_Goomba,016_栗寶寶
0023000003680102,SM_017_Koopa Troopa,017_慢慢龜
0000000003710102,SM_018_Mario - Wedding Outfit,018_瑪利歐【新郎造型】
0002000003720102,SM_019_Peach - Wedding Outfit,019_碧姬公主【新娘造型】
0005000003730102,SM_020_Bowser - Wedding Outfit,020_庫巴【新郎造型】
01070000035a0902,ZBW_007_Mipha - Zora Champion,007_米法【曠野之息】
0105000003580902,ZBW_005_Daruk - Goron Champion,005_達爾克爾【曠野之息】
01080000035b0902,ZBW_008_Revali - Rito Champion,008_力巴爾【曠野之息】
0106000003590902,ZBW_006_Urbosa - Gerudo Champion,006_烏爾波札【曠野之息】
3740000103741402,SMC_001_Super Mario Cereal,001_瑪利歐【家樂氏穀片】
1d01000003750d02,POK_002_Detective Pikachu,002_偵探皮卡丘
0803000003760402,SPL_012_Pearl,012_小姬
0804000003770402,SPL_013_Marina,013_飯田
3480000003791502,MM1_Mega Man,洛克人
3380000003781402,DS1_Solaire of Astora,太陽戰士索拉爾
08050100038e0402,SPL_014_Octoling Girl,014_章魚女孩
08050200038f0402,SPL_015_Octoling Boy,015_章魚男孩
0805030003900402,SPL_016_Octoling Octopus,016_章魚
05840000037e0002,SSB_065_Wolf,065_沃爾夫
0800010003820002,SSB_063_Inkling,063_魷魚族
05c20000037f0002,SSB_064_Ridley,064_利德雷
38c0000003911602,D01_Loot Goblin,盜寶哥布林
00240000038d0002,SSB_068_Piranha Plant,068_吞食花
00c00000037b0002,SSB_066_King K. Rool,066_庫魯魯王
078f000003810002,SSB_067_Ice Climbers,067_翻越冰山者
34c1000003890002,SSB_072_Ken,072_Ken
01000000037c0002,SSB_073_Young Link,073_年幼林克
00130000037a0002,SSB_069_Daisy,069_黛西公主
3800000103931702,PP1_Pawapuro,野球君
3801000103941702,PP2_Ikari,猪狩守
3802000103951702,PP3_Yabe,矢部明雄
3803000103961702,PP4_Hayakawa,早川葵
3804000103971702,PP5_Ganda,剛達
3805000103981702,PP6_Daijobu,沒問題博士
19ac000003850002,SSB_071_Pichu,071_皮丘
01810000037d0002,SSB_070_Isabelle,070_西施惠
1d40000003870002,SSB_074_Pokémon Trainer,074_寶可夢訓練家
37800000038a0002,SSB_075_Snake,075_Snake
1902000003830002,SSB_076_Ivysaur,076_妙蛙草
1907000003840002,SSB_077_Squirtle,077_傑尼龜
0100000003990902,ZLA_001_Link - Link's Awakening,001_林克【織夢島】
37c00000038b0002,SSB_078_Simon,078_Simon
1bd7000003860002,SSB_079_Incineroar,079_熾焰咆哮虎
2108000003880002,SSB_080_Chrom,080_庫洛武
35c10000036c0a02,SK2_Plague Knight,瘟疫騎士
35c20000036d0a02,SK3_Specter Knight,幽魂騎士
35c30000036e0a02,SK4_King Knight,國王騎士
35c0000003920a02,SK5_Shovel Knight - Gold Edition,金色鏟子騎士
05c3000003800002,SSB_081_Dark Samus,081_黑暗薩姆斯
37c10000038c0002,SSB_082_Richter,082_Richter
3a00000003a10002,SSB_083_Joker,083_JOKER
3640000003a20002,SSB_084_Hero,084_勇者
00000003039bff02,SMW_001_Mario Power-Up Band,001_瑪利歐【能量手環】
00010003039cff02,SMW_002_Luigi Power-Up Band,002_路易吉【能量手環】
00020003039dff02,SMW_003_Peach Power-Up Band,003_碧姬公主【能量手環】
00130003039eff02,SMW_004_Daisy Power-Up Band,004_黛西公主【能量手環】
000a000303a0ff02,SMW_005_Toad Power-Up Band,005_奇諾比奧【能量手環】
00030003039fff02,SMW_006_Yoshi Power-Up Band,006_耀西【能量手環】
0000030003a60102,SM_021_Cat Mario,021_貓咪瑪利歐
0002010003a70102,SM_022_Cat Peach,022_貓咪碧姬公主
3b40000003a30002,SSB_085_Banjo & Kazooie,085_阿邦 & 阿卡
3c80000003a40002,SSB_086_Terry,086_泰利．波格
210b000003a50002,SSB_087_Byleth,087_貝雷特
35080000040f1802,MHR_001_Magnamalo,001_怨虎龍
350a000004111802,MHR_002_Palamute,002_隨從加爾克
3509000004101802,MHR_003_Palico,003_隨從艾路
35060000040d0f02,MHS_007_Ena,007_艾娜
35050000040c0f02,MHS_008_Razewing Ratha,008_破滅火龍
35070000040e0f02,MHS_009_Tsukino,009_月路
0101030004140902,ZSS_001_Zelda & Loftwing - Skyward Sword,001_薩爾達 & 洛夫特飛鳥【禦天之劍】
3840000104241902,YGO_001_Yuga Ohdo,001_王道遊我
3841000104251902,YGO_002_Tatsuhisa “Luke” Kamijo,002_上城龍久
3842000104261902,YGO_003_Gakuto Sogetsu,003_蒼月學人
3843000104271902,YGO_004_Romin Kirishima,004_霧島蘿敏
3844000104281902,YGO_005_Roa Kirishima,005_霧島洛亞
3845000104291902,YGO_006_Nail Saionji,006_西園寺尼爾
38460001042a1902,YGO_007_Asana Mutsuba,007_六葉麻奈
05c0000004121302,MET_003_Samus,003_薩姆斯【密特羅德 生存恐懼】
05c4000004131302,MET_004_E.M.M.I.,004_E.M.M.I.【密特羅德 生存恐懼】
0183020103a80502,ACC_401_Tom Nook,401_狸克
0184050103a90502,ACC_402_Timmy & Tommy,402_豆狸 & 粒狸
0181040103aa0502,ACC_403_Isabelle,403_西施惠
0a00000103ab0502,ACC_404_Orville,404_莫里
0a01000103ac0502,ACC_405_Wilbur,405_陸德里
0192000103ad0502,ACC_406_Blathers,406_傅達
0193000103ae0502,ACC_407_Celeste,407_傅珂
0188000103af0502,ACC_408_Mabel,408_絹兒
0187000103b00502,ACC_409_Sable,409_麻兒
0189010103b10502,ACC_410_Label,410_綿兒
0182000103b20502,ACC_411_K.K.,411_K.K.
0a02000103b30502,ACC_412_C.J.,412_俞司廷
0a03000103b40502,ACC_413_Flick,413_龍克斯
0a04000103b50502,ACC_414_Daisy Mae,414_曹賣
0194000103b60502,ACC_415_Kicks,415_薛革
01a6000103b70502,ACC_416_Saharah,416_駱嵐
0a05000103b80502,ACC_417_Harvey,417_巴獵
01a2000103b90502,ACC_418_Gulliver,418_呂遊
0a06000103ba0502,ACC_419_Wisp,419_幽幽
01c1020103bb0502,ACC_420_Lottie,420_巧美
0a07000103bc0502,ACC_421_Niko,421_尼可
0a08000103bd0502,ACC_422_Wardell,422_納提
0183030103be0502,ACC_423_Tom Nook (Coat),423_狸克
0181050103bf0502,ACC_424_Isabelle (Sweater),424_西施惠
0a09000103c00502,ACC_425_Sherb,425_雷姆
0a0a000103c10502,ACC_426_Megan,426_糖果
0a0b000103c20502,ACC_427_Dom,427_茶茶丸
0a0c000103c30502,ACC_428_Audie,428_莫妮卡
0a0d000103c40502,ACC_429_Cyd,429_龐克斯
0a0e000103c50502,ACC_430_Judy,430_美玲
0a0f000103c60502,ACC_431_Raymond,431_傑克
0a10000103c70502,ACC_432_Reneigh,432_雷哈娜
0a11000103c80502,ACC_433_Sasha,433_蜜雪兒
0a12000103c90502,ACC_434_Ione,434_穗星
0a13000103ca0502,ACC_435_Tiansheng,435_天聖
0a14000103cb0502,ACC_436_Shino,436_佳芝
0a15000103cc0502,ACC_437_Marlo,437_胖督
0a16000103cd0502,ACC_438_Petri,438_理佳
0a17000103ce0502,ACC_439_Cephalobot,439_吉格爾
0a18000103cf0502,ACC_440_Quinn,440_席恩
0a19000103d00502,ACC_441_Chabwick,441_信雄
0a1a000103d10502,ACC_442_Zoe,442_米粉
0a1b000103d20502,ACC_443_Ace,443_羽毛
0a1c000103d30502,ACC_444_Rio,444_勒內盧
0a1d000103d40502,ACC_445_Frett,445_祥平
0a1e000103d50502,ACC_446_Azalea,446_碧芊
0a1f000103d60502,ACC_447_Roswell,447_皮隆孔
0a20000103d70502,ACC_448_Faith,448_游琪
0a400000041d0002,SSB_088_Min Min,088_麵麵
350b0000042d1802,MHR_004_Malzeno,004_爵銀龍
350a0100042c1802,MHR_005_“Canyne Malzeno” Palamute,005_隨從加爾克【爵銀龍×犬】
35090100042b1802,MHR_006_“Felyne Malzeno” Palico,006_隨從艾路【爵銀龍×貓】
3dc0000004220002,SSB_089_Steve,089_史提夫
3dc1000004230002,SSB_089_Alex,089_愛莉克斯
0800010004150402,SPL_018_Inkling (Yellow),018_魷魚族【黃色】
08050200041b0402,SPL_017_Octoling (Blue),017_章魚圈【藍色】
08060100041c0402,SPL_019_Smallfry,019_小鮭魚
3601000004210002,SSB_090_Sephiroth,090_賽菲羅斯
33c0000004200002,SSB_091_Kazuya,091_一八
000000030430ff02,SMW_007_Golden Power-Up Band,007_金色瑪利歐【能量手環】
0100000004180902,ZTK_001_Link - Tears of the Kingdom,001_林克【王國之淚】
22410000041e0002,SSB_092_Pyra,092_焰
22420000041f0002,SSB_092_Mythra,092_光
0101000004190902,ZTK_002_Zelda - Tears of the Kingdom,002_薩爾達【王國之淚】
01020100041a0902,ZTK_003_Ganondorf - Tears of the Kingdom,003_加儂多夫【王國之淚】
0807000004330402,SPL_020_Shiver,020_莎莎
0808000004340402,SPL_021_Frye,021_曼曼
0809000004350402,SPL_022_Big Man,022_鬼福
22430000043d1b02,XBC_001_Noah,001_諾亞
22440000043e1b02,XBC_002_Mio,002_彌央
3f000000042e0002,SSB_093_Sora,093_索拉
0801000004360402,SPL_026_Callie (Alterna),026_小擬【幻界】
0802000004370402,SPL_025_Marie (Alterna),025_小螢【幻界】
0803000004380402,SPL_023_Pearl (Side Order),023_小姬【秩序篇】
0804000004390402,SPL_024_Marina (Side Order),024_飯田【秩序篇】
000800030431ff02,SMW_008_Donkey Kong Power-Up Band,008_咚奇剛【能量手環】
000900030432ff02,SMW_009_Diddy Kong Power-Up Band,009_狄狄剛【能量手環】
010b000004a50902,ZTK_005_Tulin - Tears of the Kingdom,005_丘栗【王國之淚】
010c000004a60902,ZTK_006_Yunobo - Tears of the Kingdom,006_阿沅【王國之淚】
010a000004a40902,ZTK_004_Sidon - Tears of the Kingdom,004_希多【王國之淚】
0109000004a30902,ZTK_007_Riju - Tears of the Kingdom,007_露珠【王國之淚】
34c2000004aa1d02,SF1_Luke,呂克
34c3000004ac1d02,SF2_Jamie,傑米
34c4000004ae1d02,SF3_Kimberly,金伯莉
34c2000104ab1d02,SFC_001_Luke,001_呂克
34c3000104ad1d02,SFC_002_Jamie,002_傑米
34cc000104b71d02,SFC_003_Manon,003_瑪濃
34c4000104af1d02,SFC_004_Kimberly,004_金伯莉
34cd000104b81d02,SFC_005_Marisa,005_瑪麗莎
34d0000104bb1d02,SFC_006_Lily,006_莉莉
34ce000104b91d02,SFC_007_JP,007_JP
34c7000104b21d02,SFC_008_Juri,008_韓蛛俐
34cb000104b61d02,SFC_009_Dee Jay,009_迪‧傑
34d1000104bc1d02,SFC_010_Cammy,010_嘉米
34c0000104a81d02,SFC_011_Ryu,011_隆
34ca000104b51d02,SFC_012_E. Honda,012_本田
34c8000104b31d02,SFC_013_Blanka,013_布蘭卡
34c6000104b11d02,SFC_014_Guile,014_蓋爾
34c1000104a91d02,SFC_015_Ken,015_肯
34c5000104b01d02,SFC_016_Chun-Li,016_春麗
34cf000104ba1d02,SFC_017_Zangief,017_桑吉爾夫
34c9000104b41d02,SFC_018_Dhalsim,018_達爾希姆
34d2000104bd1d02,SFC_019_Rashid,019_拉希德
34d3000104be1d02,SFC_020_A.K.I.,020_阿鬼
34d4000104bf1d02,SFC_021_Ed,021_艾德
34d5000104c01d02,SFC_022_Akuma,022_豪鬼
00080100042f1a02,DK1_Donkey Kong & Pauline,咚奇剛和波琳
00000004043f1c02,MWB_001_Mario,001_瑪利歐
0001000404401c02,MWB_002_Luigi,002_路易吉
0002000404411c02,MWB_003_Peach,003_碧姬公主
0003000404421c02,MWB_004_Yoshi,004_耀西
